relative_path,sha256_prefix12,bytes
VLMPC/vlmpc-master/vlmpc-master/main.py,63b00a42e985,46819
VLMPC/vlmpc-master/vlmpc-master/vlmpc.py,d9f69b4f4109,92271
VLMPC/vlmpc-master/vlmpc-master/vlm_client.py,8efa7bad1aa8,15602
VLMPC/vlmpc-master/vlmpc-master/stage_experiments/run_opening_report_complete.py,a4eed947d69d,20874
VLMPC/vlmpc-master/vlmpc-master/stage_experiments/run_event_requery_controls.py,c119a4de8f11,16280
VLMPC/vlmpc-master/vlmpc-master/stage_experiments/audit_target_image_selection.py,6c6b321d42a0,23758
dmvfn_221.pkl,b5ddb82a4ea0,14397893
detector_checkpoint.pt,b9e0757ad8da,14379709
model.pth,366c7ea4bfed,25037819
pysot-master/experiments/siamrpn_alex_dwxcorr/config.yaml,40ed278d4b4d,547
